URL,Último rastreo
https://marschallenge.space/noticia/equilimind-es-el-proyecto-que-gano-la-competencia/,2025-10-14
https://marschallenge.space/participa/registro-de-docentes-y-mentores/,2025-10-07
https://marschallenge.space/noticia/unicaribe-celebra-el-exito-del-reto-marte-2024/,2025-10-03
https://marschallenge.space/noticia/universidad-ces-estudiantes-del-pais-viven-la-hackaton/,2025-10-03
https://marschallenge.space/colombia/pagina-ejemplo/,2025-10-02
https://marschallenge.space/postulate/,2025-10-01
https://marschallenge.space/noticia/abrazando-el-desafio-del-reto-marte-2024/,2025-09-29
https://marschallenge.space/noticia/hackathon-pais-del-reto-marte-2024/,2025-09-23
https://marschallenge.space/noticia/costa-rica-celebra-a-los-ganadores-del-reto-marte-2024/,2025-09-23
https://marschallenge.space/noticia/universitarios-costarricenses-participaran-en-el-reto-marte-2024/,2025-09-23
https://marschallenge.space/noticia/orgullo-boricuas-ganan/,2025-09-23
https://marschallenge.space/noticia/estudiantes-boricuas/,2025-09-22
https://marschallenge.space/alianzas/,2025-09-22
https://marschallenge.space/noticia/costa-rica-debutara-en-el-reto-marte-2024/,2025-09-22
https://marschallenge.space/paises/,2025-09-22
https://marschallenge.space/preguntas-frecuentes/,2025-09-22
https://marschallenge.space/retos/,2025-09-22
https://marschallenge.space/nosotros/,2025-09-22
https://marschallenge.space/noticia/estudiantes-resolveran-el-reto-marte/,2025-09-22
https://marschallenge.space/noticia/los-retos-de-la-terraformacion-es-marte-nuestro-futuro/,2025-09-22
https://marschallenge.space/noticia/la-atmosfera-media-de-marte-esta-impulsada-por-ondas-gravitacionales/,2025-09-21
https://marschallenge.space/politica-de-cookies-ue/,2025-09-21
https://marschallenge.space/noticia/reto-marte-2024-agua-org/,2025-09-21
https://marschallenge.space/noticia/talento-tico-triunfa-en-el-reto-marte/,2025-09-21
https://marschallenge.space/noticia/delegacion-de-estudiantes-boricuas-gana-reto-marte-2024/,2025-09-20
https://marschallenge.space/comunidad/,2025-09-20
https://marschallenge.space/colombia/category/sin-categoria/,2025-09-20
https://marschallenge.space/corporativo/,2025-09-20
https://marschallenge.space/noticia/estos-son-los-retos-que-tendran-que-superar-los-voluntario/,2025-09-19
https://marschallenge.space/recursos/,2025-09-19
https://marschallenge.space/colombia/feed/,2025-09-18
https://marschallenge.space/colombia/,2025-09-18
https://marschallenge.space/noticia/estudiantes-de-psicologia-y-nutricion-del-ces-seran-capacitados-por-la-nasa-en-eeuu/,2025-09-18
https://marschallenge.space/noticia/universitarios-costarricenses-viajaran-a-la-final-internacional-del-reto-marte-2024-en-espana/,2025-09-18
https://marschallenge.space/noticia/upal-unica-universidad-peruana/,2025-09-18
https://marschallenge.space/noticia/reto-marte-2024-emaze/,2025-09-18
https://marschallenge.space/efecto-replica/,2025-09-14
https://marschallenge.space/noticia/listo-para-el-desafio-reto-marte-2025-abrio-inscripciones/,2025-09-14
https://marschallenge.space/Madrid,2025-09-13
https://marschallenge.space/alianza/,2025-09-10
https://marschallenge.space/registro-2/,2025-09-01
https://marschallenge.space/hello-world/,2025-07-11
https://marschallenge.space/hello-world/?utm_source=rss&utm_medium=rss&utm_campaign=hello-world,2025-06-23
https://marschallenge.space/author/wmaster_2rtm/,2025-06-23
https://marschallenge.space/colombia/wp-admin/,2025-06-18
https://marschallenge.space/new,2025-06-18
https://marschallenge.space/colombia/author/wmaster_2rtm/,2025-06-18
https://marschallenge.space/cdn-cgi/l/email-protection,2025-06-01